Requirement ID,User Story ID,Epic,Priority,Status,Acceptance Criteria Count,NFR Links
REQ-001,US-001,TOON SDK Integration,Must Have,Draft,4,"NFR-005, NFR-006"
REQ-002,US-002,Session Cache Optimization,Must Have,Draft,4,NFR-001
REQ-003,US-003,State Data Optimization,Should Have,Draft,4,"NFR-002, NFR-008"
REQ-004,US-004,Reliability and Fallback,Must Have,Draft,4,NFR-004
REQ-005,US-005,Session Cache Optimization,Must Have,Draft,3,
NFR-001,,Session Cache Optimization,Must Have,Draft,,
NFR-002,,State Data Optimization,Must Have,Draft,,
NFR-003,,Session Cache Optimization,Should Have,Draft,,
NFR-004,US-004,Reliability and Fallback,Must Have,Draft,,
NFR-005,US-001,TOON SDK Integration,Must Have,Draft,,
NFR-006,US-001,TOON SDK Integration,Must Have,Draft,,
NFR-007,,Test Baseline,Must Have,Draft,,
NFR-008,US-003,State Data Optimization,Must Have,Draft,,
NFR-009,,LLM Accuracy,Must Have,Draft,,
